{
  "favorites": [],
  "lookup_history": [],
  "craft_history": [
    "minecraft:barrel",
    "minecraft:oak_slab",
    "minecraft:ladder",
    "minecraft:stick",
    "minecraft:crafting_table",
    "minecraft:oak_planks",
    "minecraft:iron_pickaxe",
    "minecraft:bucket",
    "minecraft:chest",
    "minecraft:oak_boat",
    "minecraft:bread",
    "minecraft:wheat",
    "minecraft:shield",
    "minecraft:oak_chest_boat",
    "minecraft:wooden_hoe"
  ],
  "recipe_defaults": {
    "added": [],
    "tags": {},
    "resolutions": {},
    "disabled": []
  },
  "hidden_stacks": []
}