{"stats":{"minecraft:dropped":{"minecraft:crimson_trapdoor":1},"minecraft:custom":{"minecraft:time_since_rest":159282,"minecraft:sprint_one_cm":853,"minecraft:walk_one_cm":86738,"minecraft:mob_kills":11,"minecraft:drop":1,"minecraft:inspect_hopper":1,"minecraft:tune_noteblock":31,"minecraft:fly_one_cm":354251,"minecraft:crouch_one_cm":13371,"minecraft:play_one_minute":159282,"minecraft:sneak_time":15234,"minecraft:walk_under_water_one_cm":66,"minecraft:boat_one_cm":152,"minecraft:jump":130,"minecraft:leave_game":9,"minecraft:walk_on_water_one_cm":322,"minecraft:time_since_death":159275,"minecraft:inspect_dispenser":6},"minecraft:killed":{"minecraft:ender_dragon":11},"minecraft:used":{"minecraft:purple_stained_glass":47,"minecraft:oak_trapdoor":13,"minecraft:sticky_piston":25,"minecraft:purpur_block":34,"minecraft:piston":1,"minecraft:nether_brick_fence":1,"minecraft:iron_bars":1,"minecraft:string":1,"minecraft:flint_and_steel":2,"minecraft:powered_rail":2,"minecraft:light_gray_concrete":27,"minecraft:polished_andesite":1,"minecraft:iron_block":18,"minecraft:dispenser":3,"minecraft:redstone":18,"minecraft:oak_sign":1,"minecraft:purpur_slab":1,"minecraft:redstone_block":17,"minecraft:structure_block":19,"minecraft:purpur_pillar":4,"minecraft:tripwire_hook":3,"minecraft:repeater":7,"minecraft:purpur_stairs":3,"minecraft:comparator":3,"minecraft:bow":64,"minecraft:end_crystal":12,"minecraft:tnt":12,"minecraft:iron_trapdoor":3,"minecraft:crimson_trapdoor":16,"minecraft:white_stained_glass":3,"minecraft:smooth_stone_slab":4,"minecraft:dark_oak_fence_gate":5,"minecraft:note_block":5,"minecraft:observer":84,"minecraft:oak_fence_gate":2,"minecraft:crimson_fence_gate":7},"minecraft:picked_up":{"minecraft:repeater":1,"minecraft:tripwire_hook":5,"minecraft:lava_bucket":1,"minecraft:note_block":1,"minecraft:crimson_trapdoor":1,"minecraft:redstone":7,"minecraft:sticky_piston":8,"minecraft:iron_block":6,"minecraft:oak_fence_gate":2,"minecraft:observer":8,"minecraft:powered_rail":3}},"DataVersion":2578}