{"stats":{"minecraft:killed":{"minecraft:wither":1,"minecraft:iron_golem":43,"minecraft:ender_dragon":71,"minecraft:creeper":3,"minecraft:enderman":2},"minecraft:dropped":{"minecraft:piston":9,"minecraft:tnt":32,"minecraft:nether_star":1,"minecraft:creeper_spawn_egg":64,"minecraft:purpur_slab":4,"minecraft:spectral_arrow":1,"minecraft:observer":15,"minecraft:command_block":46,"minecraft:bedrock":7,"minecraft:item_frame":64,"minecraft:end_rod":1,"minecraft:sign":3,"minecraft:lava_bucket":13,"minecraft:iron_block":14,"minecraft:gray_concrete":4,"minecraft:iron_trapdoor":2,"minecraft:stone_button":130,"minecraft:torch":64,"minecraft:dispenser":2,"minecraft:repeater":18,"minecraft:cactus":67,"minecraft:string":1,"minecraft:tripwire_hook":6,"minecraft:end_crystal":291,"minecraft:redstone_block":5,"minecraft:redstone":39,"minecraft:note_block":6,"minecraft:purpur_pillar":1,"minecraft:purpur_block":3,"minecraft:lever":1,"minecraft:ender_chest":1,"minecraft:cobblestone_wall":3,"minecraft:sticky_piston":7,"minecraft:wither_skeleton_skull":1,"minecraft:structure_block":6,"minecraft:stone_slab":18,"minecraft:light_gray_concrete":17,"minecraft:jungle_trapdoor":1,"minecraft:debug_stick":1,"minecraft:spruce_fence":1,"minecraft:purple_stained_glass":5,"minecraft:gunpowder":11,"minecraft:dropper":2,"minecraft:hopper":2,"minecraft:glowstone":1,"minecraft:redstone_torch":66,"minecraft:powered_rail":12,"minecraft:arrow":89,"minecraft:bow":12,"minecraft:white_stained_glass":1},"minecraft:used":{"minecraft:oak_fence":4,"minecraft:oak_trapdoor":26,"minecraft:purpur_block":138,"minecraft:nether_brick_fence":153,"minecraft:iron_bars":13,"minecraft:armor_stand":2,"minecraft:red_concrete":144,"minecraft:dispenser":5,"minecraft:dead_tube_coral_fan":2,"minecraft:redstone":1467,"minecraft:chest":7,"minecraft:ender_chest":10,"minecraft:structure_block":235,"minecraft:dried_kelp_block":1,"minecraft:debug_stick":92,"minecraft:torch":2,"minecraft:anvil":19,"minecraft:hopper":34,"minecraft:cobblestone_wall":287,"minecraft:nether_brick_slab":5,"minecraft:jungle_trapdoor":22,"minecraft:spruce_fence":14,"minecraft:nether_brick_stairs":15,"minecraft:oak_fence_gate":63,"minecraft:obsidian":258,"minecraft:spruce_boat":14,"minecraft:purple_stained_glass_pane":66,"minecraft:sea_lantern":145,"minecraft:lava_bucket":10,"minecraft:chipped_anvil":1,"minecraft:black_stained_glass_pane":39,"minecraft:quartz_slab":1,"minecraft:iron_block":797,"minecraft:slime_block":130,"minecraft:dark_oak_slab":388,"minecraft:item_frame":8,"minecraft:bedrock":11,"minecraft:tripwire_hook":37,"minecraft:glowstone":18,"minecraft:repeater":507,"minecraft:redstone_lamp":419,"minecraft:bow":1024,"minecraft:black_stained_glass":91,"minecraft:dark_oak_boat":3,"minecraft:iron_trapdoor":53,"minecraft:dark_oak_pressure_plate":1,"minecraft:white_stained_glass_pane":7,"minecraft:stone_pressure_plate":4,"minecraft:dragon_head":2,"minecraft:observer":806,"minecraft:water_bucket":39,"minecraft:end_rod":404,"minecraft:dropper":41,"minecraft:wither_skeleton_skull":14,"minecraft:powered_rail":216,"minecraft:polished_andesite":15,"minecraft:jungle_pressure_plate":2,"minecraft:redstone_block":240,"minecraft:cauldron":7,"minecraft:beacon":9,"minecraft:purpur_pillar":37,"minecraft:purpur_stairs":153,"minecraft:comparator":80,"minecraft:tnt":362,"minecraft:crafting_table":1,"minecraft:sponge":7,"minecraft:dark_oak_fence_gate":23,"minecraft:note_block":160,"minecraft:gray_concrete":1696,"minecraft:end_stone":42,"minecraft:cake":12,"minecraft:creeper_spawn_egg":32,"minecraft:redstone_torch":70,"minecraft:purple_stained_glass":602,"minecraft:sticky_piston":473,"minecraft:dead_fire_coral_fan":1,"minecraft:enderman_spawn_egg":3,"minecraft:piston":239,"minecraft:lever":5,"minecraft:activator_rail":2,"minecraft:black_concrete":22,"minecraft:command_block":124,"minecraft:light_gray_concrete":902,"minecraft:string":26,"minecraft:stone_button":30,"minecraft:spruce_pressure_plate":2,"minecraft:detector_rail":14,"minecraft:white_glazed_terracotta":54,"minecraft:sign":82,"minecraft:stone_slab":198,"minecraft:red_terracotta":3,"minecraft:purpur_slab":42,"minecraft:oak_pressure_plate":1,"minecraft:magenta_stained_glass_pane":7,"minecraft:diamond_sword":51,"minecraft:end_crystal":438,"minecraft:dark_oak_fence":69,"minecraft:white_stained_glass":142,"minecraft:bucket":7,"minecraft:mossy_cobblestone_wall":64,"minecraft:end_portal_frame":11,"minecraft:purple_carpet":29,"minecraft:smooth_stone":9},"minecraft:picked_up":{"minecraft:redstone_block":2,"minecraft:nether_brick_fence":417,"minecraft:structure_block":32,"minecraft:stone_slab":11,"minecraft:purpur_block":2,"minecraft:jungle_trapdoor":1,"minecraft:string":1,"minecraft:item_frame":1,"minecraft:sticky_piston":12,"minecraft:white_stained_glass":1,"minecraft:comparator":14,"minecraft:detector_rail":4,"minecraft:redstone_torch":28,"minecraft:observer":13,"minecraft:poppy":4,"minecraft:piston":6,"minecraft:torch":228,"minecraft:purpur_pillar":1,"minecraft:spruce_fence":1,"minecraft:note_block":5,"minecraft:stone_button":22,"minecraft:redstone":263,"minecraft:end_crystal":865,"minecraft:stone_pressure_plate":1,"minecraft:command_block":4,"minecraft:arrow":1985,"minecraft:cactus":66,"minecraft:iron_block":8,"minecraft:repeater":91,"minecraft:tripwire_hook":12,"minecraft:bedrock":7,"minecraft:purpur_stairs":1,"minecraft:gunpowder":11,"minecraft:cobblestone_wall":2,"minecraft:purple_stained_glass":3,"minecraft:gray_concrete":2,"minecraft:purple_carpet":6,"minecraft:sign":17,"minecraft:bow":20,"minecraft:iron_ingot":49,"minecraft:powered_rail":88,"minecraft:lava_bucket":17,"minecraft:dropper":2,"minecraft:spectral_arrow":1,"minecraft:light_gray_concrete":14,"minecraft:dispenser":2,"minecraft:spruce_boat":1,"minecraft:lever":3,"minecraft:nether_star":5,"minecraft:hopper":1},"minecraft:custom":{"minecraft:inspect_dropper":38,"minecraft:mob_kills":120,"minecraft:inspect_hopper":156,"minecraft:interact_with_crafting_table":2,"minecraft:leave_game":47,"minecraft:time_since_death":3061270,"minecraft:sprint_one_cm":139961,"minecraft:walk_one_cm":1062571,"minecraft:drop":289,"minecraft:deaths":1,"minecraft:sneak_time":256979,"minecraft:walk_under_water_one_cm":4390,"minecraft:boat_one_cm":3391,"minecraft:jump":4964,"minecraft:walk_on_water_one_cm":5522,"minecraft:tune_noteblock":715,"minecraft:play_one_minute":3061603,"minecraft:time_since_rest":3061311,"minecraft:open_enderchest":21,"minecraft:damage_dealt":7878,"minecraft:fly_one_cm":10287999,"minecraft:open_chest":20,"minecraft:crouch_one_cm":452222,"minecraft:aviate_one_cm":132834,"minecraft:inspect_dispenser":37},"minecraft:crafted":{"minecraft:firework_rocket":192}},"DataVersion":1631}