{"stats":{"minecraft:used":{"minecraft:gray_concrete":1},"minecraft:custom":{"minecraft:time_since_rest":2414426,"minecraft:play_one_minute":2414426,"minecraft:leave_game":4,"minecraft:time_since_death":2414426,"minecraft:walk_one_cm":3001,"minecraft:tune_noteblock":385,"minecraft:fly_one_cm":2343},"minecraft:picked_up":{"minecraft:note_block":2,"minecraft:glowstone":1,"minecraft:sticky_piston":1,"minecraft:stone_button":64,"minecraft:redstone":3,"minecraft:stone_slab":1,"minecraft:gray_concrete":1}},"DataVersion":1631}