{"stats":{"minecraft:picked_up":{"minecraft:torch":4},"minecraft:custom":{"minecraft:jump":20,"minecraft:time_since_rest":4093,"minecraft:crouch_one_cm":579,"minecraft:play_one_minute":4093,"minecraft:leave_game":3,"minecraft:sprint_one_cm":1658,"minecraft:open_enderchest":5,"minecraft:time_since_death":4093,"minecraft:walk_one_cm":4132,"minecraft:sneak_time":509,"minecraft:fly_one_cm":20121},"minecraft:used":{"minecraft:anvil":2,"minecraft:bow":1,"minecraft:oak_fence_gate":1,"minecraft:grass_block":1}},"DataVersion":1631}