{"stats":{"minecraft:picked_up":{"minecraft:sculk_catalyst":1,"minecraft:end_stone":8,"minecraft:glow_item_frame":2,"minecraft:torch":55,"minecraft:bow":2,"minecraft:nether_star":3,"minecraft:obsidian":8,"minecraft:piston":2},"minecraft:killed":{"minecraft:ender_dragon":25,"minecraft:warden":1,"minecraft:wither":4},"minecraft:used":{"minecraft:warden_spawn_egg":1,"minecraft:piston":11,"minecraft:lever":2,"minecraft:ender_eye":4,"minecraft:firework_rocket":935,"minecraft:iron_block":9,"minecraft:redstone_block":17,"minecraft:beacon":1,"minecraft:bedrock":2,"minecraft:glow_item_frame":2,"minecraft:diamond_sword":3,"minecraft:golden_carrot":6,"minecraft:bow":36,"minecraft:end_crystal":154,"minecraft:netherite_pickaxe":9,"minecraft:oak_boat":1,"minecraft:end_portal_frame":6,"minecraft:end_stone":19,"minecraft:obsidian":34},"minecraft:dropped":{"minecraft:torch":1},"minecraft:mined":{"minecraft:fire":4,"minecraft:end_stone":1,"minecraft:obsidian":8},"minecraft:custom":{"minecraft:time_since_rest":63727,"minecraft:walk_one_cm":68399,"minecraft:sprint_one_cm":113665,"minecraft:inspect_dropper":1,"minecraft:damage_taken":442,"minecraft:mob_kills":30,"minecraft:drop":1,"minecraft:inspect_hopper":1,"minecraft:fly_one_cm":913021,"minecraft:crouch_one_cm":347,"minecraft:play_time":63727,"minecraft:sneak_time":4041,"minecraft:boat_one_cm":246,"minecraft:aviate_one_cm":2141779,"minecraft:jump":540,"minecraft:leave_game":5,"minecraft:time_since_death":63725,"minecraft:total_world_time":104463,"minecraft:fall_one_cm":7013,"minecraft:inspect_dispenser":2}},"DataVersion":3463}