{
  "minecraft:recipes/redstone/dispenser": {
    "criteria": {
      "has_bow": "2019-08-11 20:34:24 +0800"
    },
    "done": true
  },
  "minecraft:end/root": {
    "criteria": {
      "entered_end": "2019-08-11 20:34:43 +0800"
    },
    "done": true
  },
  "minecraft:adventure/adventuring_time": {
    "criteria": {
      "minecraft:plains": "2019-08-05 10:21:15 +0800"
    },
    "done": false
  },
  "minecraft:story/enter_the_end": {
    "criteria": {
      "entered_end": "2019-08-11 20:34:43 +0800"
    },
    "done": true
  }
}