{
  "game": "minecraft",
  "formatVersion": 1,
  "versionId": "1.0.0",
  "name": "1.21生电",
  "summary": "1.21, Fabric 0.16.0, Authlib 验证",
  "files": [
    {
      "path": "mods/appleskin-fabric-mc1.21-3.0.2.jar",
      "hashes": {
        "sha1": "d807aee0e14788789ecbef2979fb1807adc1bd96",
        "sha512": "9d1259c87e19c6c1edb5d326cde6015b3d37a5da31bd0fb0b747f3c0d2c0b7d58a773f324f4d95c7984b25d7d2d9d783537be69187d54298d39fa2b4c865d682"
      },
      "downloads": [
        "https://cdn.modrinth.com/data/EsAfCjCV/versions/YxFxnyd4/appleskin-fabric-mc1.21-3.0.2.jar",
        "https://mediafilez.forgecdn.net/files/5429/755/appleskin-fabric-mc1.21-3.0.2.jar",
        "https://media.forgecdn.net/files/5429/755/appleskin-fabric-mc1.21-3.0.2.jar",
        "https://edge.forgecdn.net/files/5429/755/appleskin-fabric-mc1.21-3.0.2.jar"
      ],
      "fileSize": 1080749
    },
    {
      "path": "mods/architectury-13.0.1-fabric.jar",
      "hashes": {
        "sha1": "13e7a2613832a438707beb780447149f807c24b6",
        "sha512": "165b4dc86cbf22853795104711c4236dfceb92aac1afb9dc57aa4b9618685ce3eb9326cb518cc6f7ba7bbae921682f676ba6762fb708958c8b2ea6028f82e81b"
      },
      "downloads": [
        "https://cdn.modrinth.com/data/lhGA9TYQ/versions/4JZAlpn7/architectury-13.0.1-fabric.jar",
        "https://mediafilez.forgecdn.net/files/5424/663/architectury-13.0.1-fabric.jar",
        "https://media.forgecdn.net/files/5424/663/architectury-13.0.1-fabric.jar",
        "https://edge.forgecdn.net/files/5424/663/architectury-13.0.1-fabric.jar"
      ],
      "fileSize": 600756
    },
    {
      "path": "mods/ArmorStatues-v21.0.1-1.21-Fabric.jar",
      "hashes": {
        "sha1": "1235a9cbe410260d1f1606d4ce51d88d6cdd3f22",
        "sha512": "f159c228dd27601a317a6e2cc1eb6387c6ed825135490dd76608aca249313b6dc63e2abcf793f8e29af14487b5aed37b4b7e8a1efeede9213bb571db7917e0ba"
      },
      "downloads": [
        "https://cdn.modrinth.com/data/bbGCtEvb/versions/sjuCsolj/ArmorStatues-v21.0.1-1.21-Fabric.jar",
        "https://mediafilez.forgecdn.net/files/5652/827/ArmorStatues-v21.0.1-1.21-Fabric.jar",
        "https://media.forgecdn.net/files/5652/827/ArmorStatues-v21.0.1-1.21-Fabric.jar",
        "https://edge.forgecdn.net/files/5652/827/ArmorStatues-v21.0.1-1.21-Fabric.jar"
      ],
      "fileSize": 261237
    },
    {
      "path": "mods/BadOptimizations-2.1.4-1.21.jar",
      "hashes": {
        "sha1": "2338c2382537de70388a2f0f2a7b60ee0512afce",
        "sha512": "6f12d5d7b75ed38f006e4c1e176a2308bf78e6bb5d49601152d7a8fa8e576b3e884bd04fcfb976b82fb67a62408e7efcff3ecc6844cea62b07d4b0538b9f0549"
      },
      "downloads": [
        "https://cdn.modrinth.com/data/g96Z4WVZ/versions/XYBqWKD2/BadOptimizations-2.1.4-1.21.jar",
        "https://mediafilez.forgecdn.net/files/5430/282/BadOptimizations-2.1.4-1.21.jar",
        "https://media.forgecdn.net/files/5430/282/BadOptimizations-2.1.4-1.21.jar",
        "https://edge.forgecdn.net/files/5430/282/BadOptimizations-2.1.4-1.21.jar"
      ],
      "fileSize": 91292
    },
    {
      "path": "mods/bedrock-miner-1.21-1.2.21.jar",
      "hashes": {
        "sha1": "cfb703627e9b430686758b61a218d89dc1607225",
        "sha512": "253453713c2e845834f1d6eec15499fe3513ee77f542a5ecadac8b5d5d33e5f57f8354e11266f3baac38bbf6f470b18a59041f36e2e55ce3e06ba1e79775bae9"
      },
      "downloads": [
        "https://cdn.modrinth.com/data/G4udXdNu/versions/TV61sV9X/bedrock-miner-1.21-1.2.21.jar"
      ],
      "fileSize": 92801
    },
    {
      "path": "mods/c2me-fabric-mc1.21-0.2.0+alpha.11.98.jar",
      "hashes": {
        "sha1": "d5562e5fc45b5529060c8846374f3825bc47c21d",
        "sha512": "77aab25a0c5d87d6440c9231c8a4e9b55ceca82ad374e0e5cc0a50dfb0aa2a3f44b56f6a1ab08ead3c5a52acda0cfcdb550e4ba4e732c7637ab2604415058275"
      },
      "downloads": [
        "https://cdn.modrinth.com/data/VSNURh3q/versions/CblFko5j/c2me-fabric-mc1.21-0.2.0%2Balpha.11.98.jar",
        "https://mediafilez.forgecdn.net/files/5424/95/c2me-fabric-mc1.21-0.2.0%2balpha.11.98.jar",
        "https://media.forgecdn.net/files/5424/95/c2me-fabric-mc1.21-0.2.0%2balpha.11.98.jar",
        "https://edge.forgecdn.net/files/5424/95/c2me-fabric-mc1.21-0.2.0%2balpha.11.98.jar"
      ],
      "fileSize": 1257660
    },
    {
      "path": "mods/Carpet-AMS-Addition-mc1.21-fabric-v2.45.1.jar",
      "hashes": {
        "sha1": "082c60267279460d19980b997072aa76ee25dec5",
        "sha512": "6dc51fbcbd9ae09ab12c26ed3d5f54c71beabf37af61cc18a12749d609edcb4e15919f2e5e567f44ac1051fe4db96d7c8c9bc389371c4cba2170517982ae179e"
      },
      "downloads": [
        "https://cdn.modrinth.com/data/q4fx1eTg/versions/TMj1PuW7/Carpet-AMS-Addition-mc1.21-fabric-v2.45.1.jar",
        "https://mediafilez.forgecdn.net/files/5567/743/Carpet-AMS-Addition-mc1.21-fabric-v2.45.1.jar",
        "https://media.forgecdn.net/files/5567/743/Carpet-AMS-Addition-mc1.21-fabric-v2.45.1.jar",
        "https://edge.forgecdn.net/files/5567/743/Carpet-AMS-Addition-mc1.21-fabric-v2.45.1.jar"
      ],
      "fileSize": 728834
    },
    {
      "path": "mods/carpet-extra-1.21-1.4.147.jar",
      "hashes": {
        "sha1": "fc391e24c48351ee065dce483f1f9c1a400bfe83",
        "sha512": "65f89368d3dfd47ecef3eb35a7e9e3379c62307d5a3537befbdf1106d13613f7f0d1a0ef89a26f3ccd6388f50d460223d80087b142559700b65fd6e42d86c661"
      },
      "downloads": [
        "https://cdn.modrinth.com/data/VX3TgwQh/versions/TjVkbhbd/carpet-extra-1.21-1.4.147.jar",
        "https://mediafilez.forgecdn.net/files/5472/469/carpet-extra-1.21-1.4.147.jar",
        "https://media.forgecdn.net/files/5472/469/carpet-extra-1.21-1.4.147.jar",
        "https://edge.forgecdn.net/files/5472/469/carpet-extra-1.21-1.4.147.jar"
      ],
      "fileSize": 176641
    },
    {
      "path": "mods/carpet-org-addition-mc1.21-v1.32.0-2407271437.jar",
      "hashes": {
        "sha1": "1f411519e4a1f7a39b3e5708ee82ba97346b51f9",
        "sha512": "bd905f09c72ec066af5ecfd039f5ebd7e73b25539620f01062c45cb7fd4387e744acdfcf5e8581a7f24bb33ef0bb1b9f499cfb7202cac279ce70963fdb418dac"
      },
      "downloads": [
        "https://cdn.modrinth.com/data/L0bOPIqR/versions/zJKK3KFU/carpet-org-addition-mc1.21-v1.32.0-2407271437.jar"
      ],
      "fileSize": 447760
    },
    {
      "path": "mods/carpet-tis-addition-v1.61.1-mc1.21.jar",
      "hashes": {
        "sha1": "3e89654053ede213d7d2cda20344208e575508bc",
        "sha512": "2f8e8bd02c0d7bbde072d3424417ccadc28032fe95796a0a9d1375002593e9d04b0b7b95e9d7eeae7a4d24f2535289e8484eb1065c4c4aa33c2aefdad54b38b2"
      },
      "downloads": [
        "https://cdn.modrinth.com/data/jE0SjGuf/versions/9yjMI96D/carpet-tis-addition-v1.61.1-mc1.21.jar",
        "https://mediafilez.forgecdn.net/files/5568/225/carpet-tis-addition-v1.61.1-mc1.21.jar",
        "https://media.forgecdn.net/files/5568/225/carpet-tis-addition-v1.61.1-mc1.21.jar",
        "https://edge.forgecdn.net/files/5568/225/carpet-tis-addition-v1.61.1-mc1.21.jar"
      ],
      "fileSize": 1665532
    },
    {
      "path": "mods/chat_heads-0.12.3-fabric-1.21.jar",
      "hashes": {
        "sha1": "d267ff0938d6cdc7cd90f88771931161b698f400",
        "sha512": "544c29630ffea1488366669a99279b7baeb15f9e99ef0c6ecf6d89faabf509cfb12c522dc1741ecb67f648b3d4bb4740d76cf6523f2a8c9aa7a6a2c1060c0eed"
      },
      "downloads": [
        "https://cdn.modrinth.com/data/Wb5oqrBJ/versions/Ew98r6cc/chat_heads-0.12.3-fabric-1.21.jar",
        "https://mediafilez.forgecdn.net/files/5424/436/chat_heads-0.12.3-fabric-1.21.jar",
        "https://media.forgecdn.net/files/5424/436/chat_heads-0.12.3-fabric-1.21.jar",
        "https://edge.forgecdn.net/files/5424/436/chat_heads-0.12.3-fabric-1.21.jar"
      ],
      "fileSize": 58056
    },
    {
      "path": "mods/CleanF3-mc1.20.x-0.4.5.jar",
      "hashes": {
        "sha1": "f25cac200c9c5990dcbaecd518de42927aff5ccb",
        "sha512": "a1d9b9d61ddee81f92da3c67b7b67f17792cf52b343c68b6b8801c7e59884386eea84a1ad13fd0c4f3185e6bdbc2c078acf484986b792ef38896fabad976502a"
      },
      "downloads": [
        "https://cdn.modrinth.com/data/5lvjfaRs/versions/8fZChfSt/CleanF3-mc1.20.x-0.4.5.jar",
        "https://mediafilez.forgecdn.net/files/5291/202/CleanF3-mc1.20.x-0.4.5.jar",
        "https://media.forgecdn.net/files/5291/202/CleanF3-mc1.20.x-0.4.5.jar",
        "https://edge.forgecdn.net/files/5291/202/CleanF3-mc1.20.x-0.4.5.jar"
      ],
      "fileSize": 16192
    },
    {
      "path": "mods/cloth-config-15.0.127-fabric.jar",
      "hashes": {
        "sha1": "d2cef696bbf70a07075b798e541e8c98c34ddd2d",
        "sha512": "b3059112661363955aa77f3cdc2993e7875089f6415179351869febd4bd35a221b75001ab4698e6105f3c0241698d0ffce645b5cae7fe9f90bdb3b96b74691d2"
      },
      "downloads": [
        "https://cdn.modrinth.com/data/9s6osm5g/versions/Yc8omJNb/cloth-config-15.0.127-fabric.jar",
        "https://mediafilez.forgecdn.net/files/5424/575/cloth-config-15.0.127-fabric.jar",
        "https://media.forgecdn.net/files/5424/575/cloth-config-15.0.127-fabric.jar",
        "https://edge.forgecdn.net/files/5424/575/cloth-config-15.0.127-fabric.jar"
      ],
      "fileSize": 1144382
    },
    {
      "path": "mods/continuity-3.0.0-beta.5+1.21.jar",
      "hashes": {
        "sha1": "16d31a39e85dc10cdff4e06198a1bb26b4b82427",
        "sha512": "48302fffe163fa0264f5feb8e98882cc0ecb820e1fbf417d7e7e9e499f7097c1d4e9f9acb38fd5d9e0200f61fc677b0e864bc705d1b9d1e56fd29efbbce28f6a"
      },
      "downloads": [
        "https://cdn.modrinth.com/data/1IjD5062/versions/NksUpFjf/continuity-3.0.0-beta.5%2B1.21.jar",
        "https://mediafilez.forgecdn.net/files/5425/853/continuity-3.0.0-beta.5%2b1.21.jar",
        "https://media.forgecdn.net/files/5425/853/continuity-3.0.0-beta.5%2b1.21.jar",
        "https://edge.forgecdn.net/files/5425/853/continuity-3.0.0-beta.5%2b1.21.jar"
      ],
      "fileSize": 1007136
    },
    {
      "path": "mods/CreativeCore_FABRIC_v2.11.34_mc1.21.jar",
      "hashes": {
        "sha1": "d5616d82a337a5d4835b94a2e017c7cb2d57a26d",
        "sha512": "f3e983276ad320f2d4ab12108ef67c6e4d4346b8cddedc87e3b0a9cf58de98c8d30f55c819f0c693da7b9c85a4cdcab1f101e94a6f5ff5f89e13b41be146ce80"
      },
      "downloads": [
        "https://cdn.modrinth.com/data/OsZiaDHq/versions/kAitRU86/CreativeCore_FABRIC_v2.11.34_mc1.21.jar",
        "https://mediafilez.forgecdn.net/files/5434/978/CreativeCore_FABRIC_v2.11.34_mc1.21.jar",
        "https://media.forgecdn.net/files/5434/978/CreativeCore_FABRIC_v2.11.34_mc1.21.jar",
        "https://edge.forgecdn.net/files/5434/978/CreativeCore_FABRIC_v2.11.34_mc1.21.jar"
      ],
      "fileSize": 1139068
    },
    {
      "path": "mods/CrystalCarpetAddition-mc1.21-v1.4.2.jar",
      "hashes": {
        "sha1": "1ba918fd39deab649384c5e8a8f89ebab59ce1ad",
        "sha512": "bfc4976159eb42b5a0d1923bdcd12a66f078009f4b69a075bd8dec8dc143ae7a7ba7a342d6344568c8643635b9db1ccaf547cc083b6e96096f7212bb99e5a68b"
      },
      "downloads": [
        "https://cdn.modrinth.com/data/G26sLP13/versions/36vfD80o/CrystalCarpetAddition-mc1.21-v1.4.2.jar"
      ],
      "fileSize": 288185
    },
    {
      "path": "mods/CutThrough-v21.0.0-1.21-Fabric.jar",
      "hashes": {
        "sha1": "591fa10641fe71485cb10ebc2b73260a3740680d",
        "sha512": "90031024cf7df34e9b7f520e141fb537ecc5adcd09ecf5d5b09c5d1de095808612008fd731a2a5e2fd7db63d808bac95f6be9f2ff59e42b79c11ee1aca5b901d"
      },
      "downloads": [
        "https://cdn.modrinth.com/data/Dk6su9JN/versions/c4tG4GND/CutThrough-v21.0.0-1.21-Fabric.jar",
        "https://mediafilez.forgecdn.net/files/5525/972/CutThrough-v21.0.0-1.21-Fabric.jar",
        "https://media.forgecdn.net/files/5525/972/CutThrough-v21.0.0-1.21-Fabric.jar",
        "https://edge.forgecdn.net/files/5525/972/CutThrough-v21.0.0-1.21-Fabric.jar"
      ],
      "fileSize": 51412
    },
    {
      "path": "mods/DetailArmorBar-2.6.3+1.21-fabric.jar",
      "hashes": {
        "sha1": "3df7ada08111284541ec4892e2f37d84cf131b7a",
        "sha512": "3a12058fb467c06a7dfc1e6ab36431dcf873e01a91f9eba80cb2bbeb3f478075adc916d8a7d9586cc2388ba6e2060c6fd5c9133dd2e036e5d78be731f46824ac"
      },
      "downloads": [
        "https://cdn.modrinth.com/data/hAt6ty93/versions/s06JVdiG/DetailArmorBar-2.6.3%2B1.21-fabric.jar",
        "https://mediafilez.forgecdn.net/files/5424/464/DetailArmorBar-2.6.3%2b1.21-fabric.jar",
        "https://media.forgecdn.net/files/5424/464/DetailArmorBar-2.6.3%2b1.21-fabric.jar",
        "https://edge.forgecdn.net/files/5424/464/DetailArmorBar-2.6.3%2b1.21-fabric.jar"
      ],
      "fileSize": 52793
    },
    {
      "path": "mods/dynamic-fps-3.4.3+minecraft-1.21.0-fabric.jar",
      "hashes": {
        "sha1": "40fa85ae61c152a417aaee0a0d012ffb632c16e8",
        "sha512": "d8b75c6dd6ece527dd85ce9dbe12bd0bef5bfa14ee272f429ac4f1f2577fb7eda31a058d5a145e8d837df218f1e8be6ff35dc1fbff55d0bab52ef8e528392d17"
      },
      "downloads": [
        "https://cdn.modrinth.com/data/LQ3K71Q1/versions/jeq5Pk2P/dynamic-fps-3.4.3%2Bminecraft-1.21.0-fabric.jar",
        "https://mediafilez.forgecdn.net/files/5381/873/dynamic-fps-3.4.3%2bminecraft-1.21.0-fabric.jar",
        "https://media.forgecdn.net/files/5381/873/dynamic-fps-3.4.3%2bminecraft-1.21.0-fabric.jar",
        "https://edge.forgecdn.net/files/5381/873/dynamic-fps-3.4.3%2bminecraft-1.21.0-fabric.jar"
      ],
      "fileSize": 94499
    },
    {
      "path": "mods/emi-1.1.12+1.21+fabric.jar",
      "hashes": {
        "sha1": "8b12611d671d40432936318b1d08a9836c30f383",
        "sha512": "b228d7e63c466deb0b0923c2bf9ed5be097c94f79fbfb951974e1d9440141094a96bd03a8b561cd63ae215bf171cf56a1f1ad2add3ba584540dd9f67fabbc7c4"
      },
      "downloads": [
        "https://cdn.modrinth.com/data/fRiHVvU7/versions/uZ7UbDHM/emi-1.1.12%2B1.21%2Bfabric.jar",
        "https://mediafilez.forgecdn.net/files/5619/577/emi-1.1.12%2b1.21%2bfabric.jar",
        "https://media.forgecdn.net/files/5619/577/emi-1.1.12%2b1.21%2bfabric.jar",
        "https://edge.forgecdn.net/files/5619/577/emi-1.1.12%2b1.21%2bfabric.jar"
      ],
      "fileSize": 996375
    },
    {
      "path": "mods/enhancedblockentities-0.10.1+1.21.jar",
      "hashes": {
        "sha1": "36045df5f1b3e7645a5dd450fa305a8134dd7c51",
        "sha512": "23c603c88532206cae4400e3eea5dea220d5d328b5dc27d3a550fa1b31c27639744592e9f2e888536b6ed529c13e2c95465b98413c55157de45f3ecc5daa02bc"
      },
      "downloads": [
        "https://cdn.modrinth.com/data/OVuFYfre/versions/8OuTJDGd/enhancedblockentities-0.10.1%2B1.21.jar",
        "https://mediafilez.forgecdn.net/files/5425/18/enhancedblockentities-0.10.1%2b1.21.jar",
        "https://media.forgecdn.net/files/5425/18/enhancedblockentities-0.10.1%2b1.21.jar",
        "https://edge.forgecdn.net/files/5425/18/enhancedblockentities-0.10.1%2b1.21.jar"
      ],
      "fileSize": 200698
    },
    {
      "path": "mods/entityculling-fabric-1.6.6-mc1.21.jar",
      "hashes": {
        "sha1": "cae57526503e6fff155d6168fd271c9f1f4d029b",
        "sha512": "ec25c5dacf85dbcbafab0c1039462fbe851ea5c32245fcd50ab0e98bbe2dda2ca8bb41ae222171c853e3f5c4c5a97c74d89570e695fe9dff0b90169471872e45"
      },
      "downloads": [
        "https://cdn.modrinth.com/data/NNAgCjsB/versions/Bu3hSiJb/entityculling-fabric-1.6.6-mc1.21.jar"
      ],
      "fileSize": 65363
    },
    {
      "path": "mods/entity_model_features_fabric_1.21-pre3-test.jar",
      "hashes": {
        "sha1": "82aa26ed7c17566849f54f5dfc84d9467be59aba",
        "sha512": "e24dccd9b0ee165bc2f060d75ce5c6e4b6e67c525f3e77adbfbd07eb7a0158d239db142fd1343ce1c3f7abb0c18987236c207e497bf9cc9f1df794677affd5e3"
      },
      "downloads": [
        "https://cdn.modrinth.com/data/4I1XuqiY/versions/zQC8LMqE/entity_model_features_fabric_1.21-pre3-test.jar",
        "https://mediafilez.forgecdn.net/files/5420/352/entity_model_features_fabric_1.21-pre3-test.jar",
        "https://media.forgecdn.net/files/5420/352/entity_model_features_fabric_1.21-pre3-test.jar",
        "https://edge.forgecdn.net/files/5420/352/entity_model_features_fabric_1.21-pre3-test.jar"
      ],
      "fileSize": 394954
    },
    {
      "path": "mods/entity_texture_features_fabric_1.21-6.1.1.jar",
      "hashes": {
        "sha1": "7d4a81b46b02c4292247e69d0113fd6a61b9c8d0",
        "sha512": "6fd5312fe7b9ba6c36e12b3d3e29c538611fd673fb3787af9e2b927a6dd27be57b66dd7521912e96e81685e4dc86588061c435c4e63434420bc0aeade017b66e"
      },
      "downloads": [
        "https://cdn.modrinth.com/data/BVzZfTc1/versions/JvRwC1fO/entity_texture_features_fabric_1.21-6.1.1.jar",
        "https://mediafilez.forgecdn.net/files/5427/50/entity_texture_features_fabric_1.21-6.1.1.jar",
        "https://media.forgecdn.net/files/5427/50/entity_texture_features_fabric_1.21-6.1.1.jar",
        "https://edge.forgecdn.net/files/5427/50/entity_texture_features_fabric_1.21-6.1.1.jar"
      ],
      "fileSize": 598709
    },
    {
      "path": "mods/fabric-api-0.100.6+1.21.jar.disabled",
      "hashes": {
        "sha1": "dd92d95977c960affefc6c29e3ee946ce7b4723a",
        "sha512": "61bc119b90122c4ff08c44e36d2ec98bcd93ef2fd3c549c3b4cbc213982839a41acb4932f8b856237dd9416a547585a2a79a5714b4e36540cdb5c65f4c220380"
      },
      "downloads": [
        "https://cdn.modrinth.com/data/P7dR8mSH/versions/Y0cpssyN/fabric-api-0.100.6%2B1.21.jar",
        "https://mediafilez.forgecdn.net/files/5510/851/fabric-api-0.100.6%2b1.21.jar",
        "https://media.forgecdn.net/files/5510/851/fabric-api-0.100.6%2b1.21.jar",
        "https://edge.forgecdn.net/files/5510/851/fabric-api-0.100.6%2b1.21.jar"
      ],
      "fileSize": 2267960
    },
    {
      "path": "mods/fabric-api-0.100.7+1.21.jar.disabled",
      "hashes": {
        "sha1": "9321e8a5beffaa116ea1833c4d7c00a100e7288f",
        "sha512": "e5274a112a2acbef71278aba0181cfdb08ea5141e42da4af68dc50db49b6613884f78d6ebea3a8471689e42e5f0be735c9ffa167286805dc8f9b65e34715be8b"
      },
      "downloads": [
        "https://cdn.modrinth.com/data/P7dR8mSH/versions/vMQdA5QJ/fabric-api-0.100.7%2B1.21.jar",
        "https://mediafilez.forgecdn.net/files/5531/908/fabric-api-0.100.7%2b1.21.jar",
        "https://media.forgecdn.net/files/5531/908/fabric-api-0.100.7%2b1.21.jar",
        "https://edge.forgecdn.net/files/5531/908/fabric-api-0.100.7%2b1.21.jar"
      ],
      "fileSize": 2277115
    },
    {
      "path": "mods/fabric-api-0.102.0+1.21.jar",
      "hashes": {
        "sha1": "43035a1c6f506285a9910bc8038d1b1b925f8dd1",
        "sha512": "11732c4e36c3909360a24aa42a44da89048706cf10aaafa0404d7153cbc7395ff68a130f7b497828d6932740e004416b692650c3fbcc1f32babd7cb6eb9791d8"
      },
      "downloads": [
        "https://cdn.modrinth.com/data/P7dR8mSH/versions/oGwyXeEI/fabric-api-0.102.0%2B1.21.jar",
        "https://mediafilez.forgecdn.net/files/5605/482/fabric-api-0.102.0%2b1.21.jar",
        "https://media.forgecdn.net/files/5605/482/fabric-api-0.102.0%2b1.21.jar",
        "https://edge.forgecdn.net/files/5605/482/fabric-api-0.102.0%2b1.21.jar"
      ],
      "fileSize": 2285859
    },
    {
      "path": "mods/fabric-language-kotlin-1.11.0+kotlin.2.0.0.jar",
      "hashes": {
        "sha1": "4f5b3f0d773c4cc9e79d2f5ede3a637e78737f6d",
        "sha512": "afc292e199869b982f18bbad208fed4a1d95b2f4292e0cc422ee8116d1da1d91132f554ac0608e7c87959d7ede37c20293133c811986dcfc80a8648f29d13028"
      },
      "downloads": [
        "https://cdn.modrinth.com/data/Ha28R6CL/versions/afsFajDC/fabric-language-kotlin-1.11.0%2Bkotlin.2.0.0.jar",
        "https://mediafilez.forgecdn.net/files/5361/341/fabric-language-kotlin-1.11.0%2bkotlin.2.0.0.jar",
        "https://media.forgecdn.net/files/5361/341/fabric-language-kotlin-1.11.0%2bkotlin.2.0.0.jar",
        "https://edge.forgecdn.net/files/5361/341/fabric-language-kotlin-1.11.0%2bkotlin.2.0.0.jar"
      ],
      "fileSize": 7015315
    },
    {
      "path": "mods/fast-chest-1.5+1.20.2.jar",
      "hashes": {
        "sha1": "29920fb6786f39a5859244d29daeb7e5f4ec3972",
        "sha512": "53cd149ae9e832b75b3f8d965c71696b76b30e334e2cc7965eadfa36a56e713dddfc1c13b67129301da7d864d88b145e6015f95b8e8f784cdd0c1a6fd66fec49"
      },
      "downloads": [
        "https://cdn.modrinth.com/data/WNcgffMw/versions/9TMPN7m0/fast-chest-1.5%2B1.20.2.jar"
      ],
      "fileSize": 24770
    },
    {
      "path": "mods/ferritecore-7.0.0-fabric.jar",
      "hashes": {
        "sha1": "95b18b0f1673bbbe328812c3052cc1a921591f0f",
        "sha512": "0f2f9b5aebd71ef3064fc94df964296ac6ee8ea12221098b9df037bdcaaca7bccd473c981795f4d57ff3d49da3ef81f13a42566880b9f11dc64645e9c8ad5d4f"
      },
      "downloads": [
        "https://cdn.modrinth.com/data/uXXizFIs/versions/wmIZ4wP4/ferritecore-7.0.0-fabric.jar",
        "https://mediafilez.forgecdn.net/files/5434/182/ferritecore-7.0.0-fabric.jar",
        "https://media.forgecdn.net/files/5434/182/ferritecore-7.0.0-fabric.jar",
        "https://edge.forgecdn.net/files/5434/182/ferritecore-7.0.0-fabric.jar"
      ],
      "fileSize": 117333
    },
    {
      "path": "mods/ForgeConfigAPIPort-v21.0.8-1.21-Fabric.jar",
      "hashes": {
        "sha1": "7dfdfef79835d7d8d6237b20af1a2d7f29561454",
        "sha512": "6c9e7091b7b596b43f3e61e23a7074067864ed310ade9fbba829ad1db6ae8f7fb895df04b4fd69ce1354bb8949fab44c214486e05b54a4956a3c2cb277e9c0cf"
      },
      "downloads": [
        "https://cdn.modrinth.com/data/ohNO6lps/versions/GOreNSW6/ForgeConfigAPIPort-v21.0.8-1.21-Fabric.jar",
        "https://mediafilez.forgecdn.net/files/5605/610/ForgeConfigAPIPort-v21.0.8-1.21-Fabric.jar",
        "https://media.forgecdn.net/files/5605/610/ForgeConfigAPIPort-v21.0.8-1.21-Fabric.jar",
        "https://edge.forgecdn.net/files/5605/610/ForgeConfigAPIPort-v21.0.8-1.21-Fabric.jar"
      ],
      "fileSize": 627640
    },
    {
      "path": "mods/gugle-carpet-addition-mc1.21-2.8.0+build.46.jar",
      "hashes": {
        "sha1": "0bcd0031dc364c45c9e987264f2a1eb16dccbc87",
        "sha512": "90ac6859e137c62560d09e00960c6dbe2db976ef9617a1dd84ac3bc71fe1ddf017055f7ffdf85d7751cf27346b28b0e0592f95e835bd43f4401d314b150c74e9"
      },
      "downloads": [
        "https://cdn.modrinth.com/data/UHjbX5mk/versions/h9yLcTnL/gugle-carpet-addition-mc1.21-2.8.0%2Bbuild.46.jar"
      ],
      "fileSize": 128681
    },
    {
      "path": "mods/holdthatchunk-2.1.0+1.20.2.jar",
      "hashes": {
        "sha1": "cbf40afbc0c288b8ea7f6f5e9043fdbc75b3040e",
        "sha512": "bf79a64bc4e58e3d7143957240cd96f66bfed1f4815c9a9e08740bee97303a7d79ff807dcfa45fd4abcbec726e0fb239c5956ff1e264d55f493790d3eb63d83e"
      },
      "downloads": [
        "https://cdn.modrinth.com/data/LXJlc5WJ/versions/8QSY2PFn/holdthatchunk-2.1.0%2B1.20.2.jar",
        "https://mediafilez.forgecdn.net/files/4815/886/holdthatchunk-2.1.0%2b1.20.2.jar",
        "https://media.forgecdn.net/files/4815/886/holdthatchunk-2.1.0%2b1.20.2.jar",
        "https://edge.forgecdn.net/files/4815/886/holdthatchunk-2.1.0%2b1.20.2.jar"
      ],
      "fileSize": 25292
    },
    {
      "path": "mods/ImmediatelyFast-Fabric-1.2.18+1.21.jar",
      "hashes": {
        "sha1": "84e6c85124cae35d298d5fada7ec91d794c74639",
        "sha512": "8fda1017487f86a8958ae80eb0d32675113aff69584557d3117e8e4655b81761b90f7eaa65a629a7eb6d31fe99b5c47c8de1a0b9579a3ce7b3b96acdf5b214eb"
      },
      "downloads": [
        "https://cdn.modrinth.com/data/5ZwdcRci/versions/DA0kxiSe/ImmediatelyFast-Fabric-1.2.18%2B1.21.jar",
        "https://mediafilez.forgecdn.net/files/5425/57/ImmediatelyFast-Fabric-1.2.18%2b1.21.jar",
        "https://media.forgecdn.net/files/5425/57/ImmediatelyFast-Fabric-1.2.18%2b1.21.jar",
        "https://edge.forgecdn.net/files/5425/57/ImmediatelyFast-Fabric-1.2.18%2b1.21.jar"
      ],
      "fileSize": 248677
    },
    {
      "path": "mods/indium-1.0.34+mc1.21.jar",
      "hashes": {
        "sha1": "cf4641206fde618f194dc0a1064b1294e385d679",
        "sha512": "e851adea39f2b2628aa02f77c23c9ce46eca94ed23799906fe6507947cd94f8ec9c567f8516cb5a55e4d917dd85cdbd3918120a8242af4f67bd33e5aca0b7703"
      },
      "downloads": [
        "https://cdn.modrinth.com/data/Orvt0mRa/versions/K4hsdO9H/indium-1.0.34%2Bmc1.21.jar",
        "https://mediafilez.forgecdn.net/files/5493/212/indium-1.0.34%2bmc1.21.jar",
        "https://media.forgecdn.net/files/5493/212/indium-1.0.34%2bmc1.21.jar",
        "https://edge.forgecdn.net/files/5493/212/indium-1.0.34%2bmc1.21.jar"
      ],
      "fileSize": 104921
    },
    {
      "path": "mods/iris-1.7.3+mc1.21.jar",
      "hashes": {
        "sha1": "1b4e44a74c850d407518bc5cbe33eec9577ad9e9",
        "sha512": "bcd9b4f5cef1521c00b59cc9409725556922a077c60f62ba834dca680e29f334660a7c68150ff827779fb888585042b1ba687dfce6fd4d650507d9c59f023703"
      },
      "downloads": [
        "https://cdn.modrinth.com/data/YL57xq9U/versions/kuOV4Ece/iris-1.7.3%2Bmc1.21.jar",
        "https://mediafilez.forgecdn.net/files/5490/877/iris-1.7.3%2bmc1.21.jar",
        "https://media.forgecdn.net/files/5490/877/iris-1.7.3%2bmc1.21.jar",
        "https://edge.forgecdn.net/files/5490/877/iris-1.7.3%2bmc1.21.jar"
      ],
      "fileSize": 2707610
    },
    {
      "path": "mods/Jade-1.21-Fabric-15.0.4.jar",
      "hashes": {
        "sha1": "8115485007aaebe4cb99defd66bd44cb6ce9a65f",
        "sha512": "0a40e2ef7abef7b7d5e132665670f89b8e666792ba3f8d5cc8c2b2faef3f115cb07c9dca189fe5fe3c2034aebe0c0b728aaee62a846e7379bfa27418679d5700"
      },
      "downloads": [
        "https://cdn.modrinth.com/data/nvQzSEkH/versions/ZMaraV5t/Jade-1.21-Fabric-15.0.4.jar",
        "https://mediafilez.forgecdn.net/files/5427/840/Jade-1.21-Fabric-15.0.4.jar",
        "https://media.forgecdn.net/files/5427/840/Jade-1.21-Fabric-15.0.4.jar",
        "https://edge.forgecdn.net/files/5427/840/Jade-1.21-Fabric-15.0.4.jar"
      ],
      "fileSize": 658572
    },
    {
      "path": "mods/language-reload-1.6.1+1.21.jar",
      "hashes": {
        "sha1": "c7988fea2a258a5afdfa193615d3b5261c1e58bb",
        "sha512": "d8380b1fa139217bacf1f7d7686004aea66f4648c68364586c02af39a0f8e4ca9a2fa240261b1d48581390fa64d44561b619fa5c3019d90823114728b5898bf3"
      },
      "downloads": [
        "https://cdn.modrinth.com/data/uLbm7CG6/versions/fpDBBXvT/language-reload-1.6.1%2B1.21.jar",
        "https://mediafilez.forgecdn.net/files/5424/831/language-reload-1.6.1%2b1.21.jar",
        "https://media.forgecdn.net/files/5424/831/language-reload-1.6.1%2b1.21.jar",
        "https://edge.forgecdn.net/files/5424/831/language-reload-1.6.1%2b1.21.jar"
      ],
      "fileSize": 68960
    },
    {
      "path": "mods/Linkart-5.4.5-1.20.6-build.29.jar",
      "hashes": {
        "sha1": "11adb0e0df0a2b7efbd156488ba8e1b9ffdf2d0c",
        "sha512": "4c127b8041307f8c705e9259fcc4126140dfb2e318e7beda6bf3a24384ccedd2afb520d9bb7b43074a9b9556cc28dc568a73f89ac61f8d7f588ff0f465ef6e71"
      },
      "downloads": [
        "https://cdn.modrinth.com/data/sc4Mu9Zu/versions/KkB5NDDW/Linkart-5.4.5-1.20.6-build.29.jar",
        "https://mediafilez.forgecdn.net/files/5458/644/Linkart-5.4.5-1.20.6-build.29.jar",
        "https://media.forgecdn.net/files/5458/644/Linkart-5.4.5-1.20.6-build.29.jar",
        "https://edge.forgecdn.net/files/5458/644/Linkart-5.4.5-1.20.6-build.29.jar"
      ],
      "fileSize": 132706
    },
    {
      "path": "mods/lithium-fabric-mc1.21-0.12.7.jar",
      "hashes": {
        "sha1": "028d8dde791e2283aa0d67decc8cbcd66400a38e",
        "sha512": "91d78cf26f61876b1f5110e8aabb0189fe20fb669c2f2dd608416bce31c5c02eec9284ea418c405ab118562b5b8202c83154784bedf136f95727a86096e43430"
      },
      "downloads": [
        "https://cdn.modrinth.com/data/gvQqBUqZ/versions/my7uONjU/lithium-fabric-mc1.21-0.12.7.jar",
        "https://mediafilez.forgecdn.net/files/5448/487/lithium-fabric-mc1.21-0.12.7.jar",
        "https://media.forgecdn.net/files/5448/487/lithium-fabric-mc1.21-0.12.7.jar",
        "https://edge.forgecdn.net/files/5448/487/lithium-fabric-mc1.21-0.12.7.jar"
      ],
      "fileSize": 739832
    },
    {
      "path": "mods/midnightlib-fabric-1.5.7.jar",
      "hashes": {
        "sha1": "48ccab78bdcd3e8123367648675bbba6fbf23f60",
        "sha512": "620e5dd8c914b5d177e81a218c310b166a5673f4669d04241125ac71a36604b5011199bfeba2d3c1fb4999e9a60a97a96a94485ffcdf91b0c8828ab4723cbadf"
      },
      "downloads": [
        "https://cdn.modrinth.com/data/codAaoxh/versions/HVILSMf5/midnightlib-fabric-1.5.7.jar",
        "https://mediafilez.forgecdn.net/files/5424/731/midnightlib-fabric-1.5.7.jar",
        "https://media.forgecdn.net/files/5424/731/midnightlib-fabric-1.5.7.jar",
        "https://edge.forgecdn.net/files/5424/731/midnightlib-fabric-1.5.7.jar"
      ],
      "fileSize": 56429
    },
    {
      "path": "mods/modernfix-fabric-5.18.2+mc1.21.jar",
      "hashes": {
        "sha1": "17c498a5c0481836127754cd67cdbc688cb88c1d",
        "sha512": "924114d3ab180346c87a6ef482ad94fa30d0e1f6faf02cb6bc9d9e9b83f02fc6959f30a1465073314d63d0f4f61dd11825816aa244715256cefa1d1ada7854f7"
      },
      "downloads": [
        "https://cdn.modrinth.com/data/nmDcB62a/versions/f3UzsGPb/modernfix-fabric-5.18.2%2Bmc1.21.jar",
        "https://mediafilez.forgecdn.net/files/5426/176/modernfix-fabric-5.18.2%2bmc1.21.jar",
        "https://media.forgecdn.net/files/5426/176/modernfix-fabric-5.18.2%2bmc1.21.jar",
        "https://edge.forgecdn.net/files/5426/176/modernfix-fabric-5.18.2%2bmc1.21.jar"
      ],
      "fileSize": 434062
    },
    {
      "path": "mods/modmenu-11.0.1.jar",
      "hashes": {
        "sha1": "e4ba66f6036a4902433bb517d55120c4237c512f",
        "sha512": "01fe4782bd8036a9e5ebb749fc22f32834ac228d0ea025b89687a1bcd7296b1312c5a46cb1480bc9851380297c3ee4b57f966c09af6a901b092023c8e23032a2"
      },
      "downloads": [
        "https://cdn.modrinth.com/data/mOgUt4GM/versions/xhN1IvHi/modmenu-11.0.1.jar",
        "https://mediafilez.forgecdn.net/files/5454/251/modmenu-11.0.1.jar",
        "https://media.forgecdn.net/files/5454/251/modmenu-11.0.1.jar",
        "https://edge.forgecdn.net/files/5454/251/modmenu-11.0.1.jar"
      ],
      "fileSize": 975390
    },
    {
      "path": "mods/morechathistory-1.3.1.jar",
      "hashes": {
        "sha1": "b4337ef9dc0a6cdf31d8f3df68a6542f64f3625e",
        "sha512": "31831973dafb0cd4e1ead267b0143aa9ce803d8ebf8fec1dfad884c62ad52cf94da0349b2b0b72d9c0c9a7fb83af75180d85e7ea8a44c459d4d5e960b4e3ea06"
      },
      "downloads": [
        "https://cdn.modrinth.com/data/8qkXwOnk/versions/3siYJiWG/morechathistory-1.3.1.jar",
        "https://mediafilez.forgecdn.net/files/5286/193/morechathistory-1.3.1.jar",
        "https://media.forgecdn.net/files/5286/193/morechathistory-1.3.1.jar",
        "https://edge.forgecdn.net/files/5286/193/morechathistory-1.3.1.jar"
      ],
      "fileSize": 3573
    },
    {
      "path": "mods/NoChatReports-FABRIC-1.21-v2.8.0.jar",
      "hashes": {
        "sha1": "f1822b058132f7f221a3ac4470d54d820369c04e",
        "sha512": "092837afc0fcb5208561062f8e4cd69971efa94c0180ae377e318d35d8f278abbf1552e4a577be882dc7e870f884779bc36caf808c8bc90bb05490f1e034ddb8"
      },
      "downloads": [
        "https://cdn.modrinth.com/data/qQyHxfxd/versions/riMhCAII/NoChatReports-FABRIC-1.21-v2.8.0.jar",
        "https://mediafilez.forgecdn.net/files/5441/248/NoChatReports-FABRIC-1.21-v2.8.0.jar",
        "https://media.forgecdn.net/files/5441/248/NoChatReports-FABRIC-1.21-v2.8.0.jar",
        "https://edge.forgecdn.net/files/5441/248/NoChatReports-FABRIC-1.21-v2.8.0.jar"
      ],
      "fileSize": 310073
    },
    {
      "path": "mods/placeholder-api-2.4.1+1.21.jar",
      "hashes": {
        "sha1": "5f61f50e36f1f957dbb87eda02da95d847b4a943",
        "sha512": "0fc2b1063277e1cadab30fdb5f1171cbdefa551f16e36daa611f67a775353e70a48538085e2bcf8fc22d657d450ce74dc8aa9ccf6e8bc6de6d5a841fb46e0828"
      },
      "downloads": [
        "https://cdn.modrinth.com/data/eXts2L7r/versions/cE5TczQr/placeholder-api-2.4.1%2B1.21.jar",
        "https://mediafilez.forgecdn.net/files/5534/594/placeholder-api-2.4.1%2b1.21.jar",
        "https://media.forgecdn.net/files/5534/594/placeholder-api-2.4.1%2b1.21.jar",
        "https://edge.forgecdn.net/files/5534/594/placeholder-api-2.4.1%2b1.21.jar"
      ],
      "fileSize": 232332
    },
    {
      "path": "mods/PuzzlesLib-v21.0.28-1.21-Fabric.jar",
      "hashes": {
        "sha1": "7fd60a18d29d70a08c67f916f9e4d950b30d66f1",
        "sha512": "ced76816ef22d0bb32c43c20e35e8858d3bdbd5388e5edc58f73b3ae654b9959f6776a8ddb359302e0afcb36271ddb4f8a5829ec2a21ade733793c105300e8b1"
      },
      "downloads": [
        "https://cdn.modrinth.com/data/QAGBst4M/versions/a5KN1w1N/PuzzlesLib-v21.0.28-1.21-Fabric.jar",
        "https://mediafilez.forgecdn.net/files/5705/985/PuzzlesLib-v21.0.28-1.21-Fabric.jar",
        "https://media.forgecdn.net/files/5705/985/PuzzlesLib-v21.0.28-1.21-Fabric.jar",
        "https://edge.forgecdn.net/files/5705/985/PuzzlesLib-v21.0.28-1.21-Fabric.jar"
      ],
      "fileSize": 1075802
    },
    {
      "path": "mods/reeses_sodium_options-1.7.3+mc1.21.jar",
      "hashes": {
        "sha1": "a768af50123288af02b77d90cda61a045db5506a",
        "sha512": "2ee733c52ebd31e738ccb52b25beb0cbdb5175fbe9d8dc8bc6c2406c365c86655dc7ec535a64a8dd1d80facd284abb33b2d1c8f1414b4e9a80ee2e2c2fa3db68"
      },
      "downloads": [
        "https://cdn.modrinth.com/data/Bh37bMuy/versions/6gZ19wc6/reeses_sodium_options-1.7.3%2Bmc1.21.jar",
        "https://mediafilez.forgecdn.net/files/5538/413/reeses_sodium_options-1.7.3%2bmc1.21.jar",
        "https://media.forgecdn.net/files/5538/413/reeses_sodium_options-1.7.3%2bmc1.21.jar",
        "https://edge.forgecdn.net/files/5538/413/reeses_sodium_options-1.7.3%2bmc1.21.jar"
      ],
      "fileSize": 78230
    },
    {
      "path": "mods/rrls-5.0.0+mc1.21-fabric.jar",
      "hashes": {
        "sha1": "d923bbf2271915d36bc1229cb650d08f027a484a",
        "sha512": "554d09c309d2ff68f598fe282d17cfea4423a4665a44e6c08d1d8ae1d6c65484326fa3ef3293b508ea53dc764378e13a972bcad1d7ff6524acc13ea634286353"
      },
      "downloads": [
        "https://cdn.modrinth.com/data/ZP7xHXtw/versions/sQBrz3ML/rrls-5.0.0%2Bmc1.21-fabric.jar",
        "https://mediafilez.forgecdn.net/files/5425/847/rrls-5.0.0%2bmc1.21-fabric.jar",
        "https://media.forgecdn.net/files/5425/847/rrls-5.0.0%2bmc1.21-fabric.jar",
        "https://edge.forgecdn.net/files/5425/847/rrls-5.0.0%2bmc1.21-fabric.jar"
      ],
      "fileSize": 164891
    },
    {
      "path": "mods/sodium-extra-0.5.7+mc1.21.jar",
      "hashes": {
        "sha1": "13a65186e5ba363e0ed3216303bc67a173c050fe",
        "sha512": "75a2e73a3cc2fc9556fbd62c9618f1d7455fb1966d993af69133aac5e9dea29dc31b80b61d963857ea4c556a9328634575d81251d782e4eb49ce64e6c60af75c"
      },
      "downloads": [
        "https://cdn.modrinth.com/data/PtjYWJkn/versions/uuhVlRGv/sodium-extra-0.5.7%2Bmc1.21.jar",
        "https://mediafilez.forgecdn.net/files/5426/339/sodium-extra-0.5.7%2bmc1.21.jar",
        "https://media.forgecdn.net/files/5426/339/sodium-extra-0.5.7%2bmc1.21.jar",
        "https://edge.forgecdn.net/files/5426/339/sodium-extra-0.5.7%2bmc1.21.jar"
      ],
      "fileSize": 375625
    },
    {
      "path": "mods/sodium-fabric-0.5.11+mc1.21.jar",
      "hashes": {
        "sha1": "d67e66ea4bb2409997b636dae4203d33764cdcc8",
        "sha512": "a8a4520c2891e6a3c891b0b5c1106c29851a97c8e5a0131fe94cdcdfd755b679ce55dbaeafd14638ef7987b8efcd32619209aba4460762027f1a2ebe121a4046"
      },
      "downloads": [
        "https://cdn.modrinth.com/data/AANobbMI/versions/RncWhTxD/sodium-fabric-0.5.11%2Bmc1.21.jar",
        "https://mediafilez.forgecdn.net/files/5485/657/sodium-fabric-0.5.11%2bmc1.21.jar",
        "https://media.forgecdn.net/files/5485/657/sodium-fabric-0.5.11%2bmc1.21.jar",
        "https://edge.forgecdn.net/files/5485/657/sodium-fabric-0.5.11%2bmc1.21.jar"
      ],
      "fileSize": 982671
    },
    {
      "path": "mods/trade-cycling-fabric-1.21-1.0.12.jar",
      "hashes": {
        "sha1": "06b67e85c9180090fde5d941af7f1174c31d0be0",
        "sha512": "8640232abb35fa2cead3ed0551af40418025a3a9fa8fbc2a9f6731d74679354fdf9539aeca7a2072ec23c470894e1c3372ef51629dd65c606bf6f6affec24af1"
      },
      "downloads": [
        "https://cdn.modrinth.com/data/qpPoAL6m/versions/AQi6tDVy/trade-cycling-fabric-1.21-1.0.12.jar",
        "https://mediafilez.forgecdn.net/files/5427/205/trade-cycling-fabric-1.21-1.0.12.jar",
        "https://media.forgecdn.net/files/5427/205/trade-cycling-fabric-1.21-1.0.12.jar",
        "https://edge.forgecdn.net/files/5427/205/trade-cycling-fabric-1.21-1.0.12.jar"
      ],
      "fileSize": 513314
    },
    {
      "path": "mods/tweakermore-mc1.21-v3.19.0.jar",
      "hashes": {
        "sha1": "6e54454217d62ef8c9c89381e21ada2a3ce52b76",
        "sha512": "44502514bea5d2b66379c7656767073d944edf0528fa48de51fac8d35b829510f80a51b207c404dd265b31e794ccb6e7aaf3e6cdf011f96a73bc42c8e6655a3c"
      },
      "downloads": [
        "https://cdn.modrinth.com/data/GBeCx05I/versions/v4LA75RW/tweakermore-mc1.21-v3.19.0.jar",
        "https://mediafilez.forgecdn.net/files/5446/359/tweakermore-mc1.21-v3.19.0.jar",
        "https://media.forgecdn.net/files/5446/359/tweakermore-mc1.21-v3.19.0.jar",
        "https://edge.forgecdn.net/files/5446/359/tweakermore-mc1.21-v3.19.0.jar"
      ],
      "fileSize": 1048511
    },
    {
      "path": "mods/WI-Zoom-1.5-MC1.21.jar",
      "hashes": {
        "sha1": "cea85e00abd87c06ff43fd961d2e609835dffc89",
        "sha512": "7a7179cc4deba003f97c05a3d59af0975ff0e0a6a153fb359aca26cf3633ed54fadf329b912f0d9d4278467e553962ec73cbb5a3d6e129c9ac9ad46d376e5054"
      },
      "downloads": [
        "https://cdn.modrinth.com/data/o7DitHWP/versions/MPjGDe4j/WI-Zoom-1.5-MC1.21.jar",
        "https://mediafilez.forgecdn.net/files/5424/23/WI-Zoom-1.5-MC1.21.jar",
        "https://media.forgecdn.net/files/5424/23/WI-Zoom-1.5-MC1.21.jar",
        "https://edge.forgecdn.net/files/5424/23/WI-Zoom-1.5-MC1.21.jar"
      ],
      "fileSize": 139403
    },
    {
      "path": "mods/XaerosWorldMap_1.38.8_Fabric_1.21.jar",
      "hashes": {
        "sha1": "25e8508f32f3ba067123b9f2e2ffcacf408961ef",
        "sha512": "c5f26eb4c9808d983ab255decf42fb1b0b06c37bb85da381f26afc7995120447fe4a40d5902f28b7c44a4f50a0355ab8dabf8d570287624c807969ca9bc211be"
      },
      "downloads": [
        "https://cdn.modrinth.com/data/NcUtCpym/versions/ekubtdIk/XaerosWorldMap_1.38.8_Fabric_1.21.jar",
        "https://mediafilez.forgecdn.net/files/5437/644/XaerosWorldMap_1.38.8_Fabric_1.21.jar",
        "https://media.forgecdn.net/files/5437/644/XaerosWorldMap_1.38.8_Fabric_1.21.jar",
        "https://edge.forgecdn.net/files/5437/644/XaerosWorldMap_1.38.8_Fabric_1.21.jar"
      ],
      "fileSize": 948586
    },
    {
      "path": "mods/Xaeros_Minimap_24.2.1_Fabric_1.21.jar",
      "hashes": {
        "sha1": "dc22cb21d9337addc6b68dee9aaeeef51ccc3c80",
        "sha512": "164108c3d0a56a23868e307b08f2042460cd85fb508437579a3f410517f714984610845b052f6218d5e60578466e41ec7df8bbbe6d6abeccc7a7c103987daae0"
      },
      "downloads": [
        "https://cdn.modrinth.com/data/1bokaNcj/versions/enRPivaa/Xaeros_Minimap_24.2.1_Fabric_1.21.jar",
        "https://mediafilez.forgecdn.net/files/5437/650/Xaeros_Minimap_24.2.1_Fabric_1.21.jar",
        "https://media.forgecdn.net/files/5437/650/Xaeros_Minimap_24.2.1_Fabric_1.21.jar",
        "https://edge.forgecdn.net/files/5437/650/Xaeros_Minimap_24.2.1_Fabric_1.21.jar"
      ],
      "fileSize": 1502503
    },
    {
      "path": "mods/[Reese的钠视频界面] reeses_sodium_options-1.7.3+mc1.21.jar",
      "hashes": {
        "sha1": "a768af50123288af02b77d90cda61a045db5506a",
        "sha512": "2ee733c52ebd31e738ccb52b25beb0cbdb5175fbe9d8dc8bc6c2406c365c86655dc7ec535a64a8dd1d80facd284abb33b2d1c8f1414b4e9a80ee2e2c2fa3db68"
      },
      "downloads": [
        "https://cdn.modrinth.com/data/Bh37bMuy/versions/6gZ19wc6/reeses_sodium_options-1.7.3%2Bmc1.21.jar"
      ],
      "fileSize": 78230
    },
    {
      "path": "mods/[万用皮肤补丁] CustomSkinLoader_Fabric-14.20.jar",
      "hashes": {
        "sha1": "de3b1d0856b492a2e36f02232cb782a0da063dcf",
        "sha512": "7c911a4c0a202856b2a500af0fd1637d84fd35b0082bf31e1648c2919cbcbc19fc308b00f555ba9d0255b0a1d7e05436db60f8708acc3c1020dc9732df255dd1"
      },
      "downloads": [
        "https://cdn.modrinth.com/data/idMHQ4n2/versions/80Fnnn1d/CustomSkinLoader_Fabric-14.20.jar",
        "https://mediafilez.forgecdn.net/files/5495/832/CustomSkinLoader_Fabric-14.20.jar",
        "https://media.forgecdn.net/files/5495/832/CustomSkinLoader_Fabric-14.20.jar",
        "https://edge.forgecdn.net/files/5495/832/CustomSkinLoader_Fabric-14.20.jar"
      ],
      "fileSize": 172675
    },
    {
      "path": "mods/[动态准星] dynamiccrosshair-8.1+1.21-fabric.jar",
      "hashes": {
        "sha1": "5fafa00f1be8607763a9d85288bf16c84732b477",
        "sha512": "6a9539a2a2aab9f7ee7f318dc07b837270e7f565034e452e0a9f9bf81b4e1305e41b64c1211f671c2994f7598a7c0d98c73e6418e63c112ef2537689e8a54f92"
      },
      "downloads": [
        "https://cdn.modrinth.com/data/ZcR9weSm/versions/pTukRirl/dynamiccrosshair-8.1%2B1.21-fabric.jar",
        "https://mediafilez.forgecdn.net/files/5570/899/dynamiccrosshair-8.1%2b1.21-fabric.jar",
        "https://media.forgecdn.net/files/5570/899/dynamiccrosshair-8.1%2b1.21-fabric.jar",
        "https://edge.forgecdn.net/files/5570/899/dynamiccrosshair-8.1%2b1.21-fabric.jar"
      ],
      "fileSize": 500831
    },
    {
      "path": "mods/[拾取提示] PickUpNotifier-v21.0.0-1.21-Fabric.jar",
      "hashes": {
        "sha1": "07e6a2a59b338f59c897841ca61e9ebca6a43c78",
        "sha512": "3d490b1699f95f04c5a53398a287935a9dc8bf0b0718d05fc3efb4dfa6d181e615b0b7a32be6b7dee0da719424da2de3ab53d0f1f51ca658719a185f0ecd4210"
      },
      "downloads": [
        "https://cdn.modrinth.com/data/ZX66K16c/versions/P0E7PbKn/PickUpNotifier-v21.0.0-1.21-Fabric.jar",
        "https://mediafilez.forgecdn.net/files/5507/716/PickUpNotifier-v21.0.0-1.21-Fabric.jar",
        "https://media.forgecdn.net/files/5507/716/PickUpNotifier-v21.0.0-1.21-Fabric.jar",
        "https://edge.forgecdn.net/files/5507/716/PickUpNotifier-v21.0.0-1.21-Fabric.jar"
      ],
      "fileSize": 95299
    },
    {
      "path": "mods/[搬运] carryon-fabric-1.21-2.2.1.jar",
      "hashes": {
        "sha1": "511cdbcbbe13d1b43111f007099e6b104e7dc494",
        "sha512": "b350563740dfd10f0c43516350e05f671d202a1198a6efcdc29d1c9ec6373d1ed71cc555b47a8ee4e13a4f8649d6f051457cbc1ab7548722e83082fb1912a9d3"
      },
      "downloads": [
        "https://cdn.modrinth.com/data/joEfVgkn/versions/v6jFgMGH/carryon-fabric-1.21-2.2.1.jar",
        "https://mediafilez.forgecdn.net/files/5541/211/carryon-fabric-1.21-2.2.1.jar",
        "https://media.forgecdn.net/files/5541/211/carryon-fabric-1.21-2.2.1.jar",
        "https://edge.forgecdn.net/files/5541/211/carryon-fabric-1.21-2.2.1.jar"
      ],
      "fileSize": 351861
    },
    {
      "path": "mods/[模组菜单] modmenu-11.0.1.jar",
      "hashes": {
        "sha1": "e4ba66f6036a4902433bb517d55120c4237c512f",
        "sha512": "01fe4782bd8036a9e5ebb749fc22f32834ac228d0ea025b89687a1bcd7296b1312c5a46cb1480bc9851380297c3ee4b57f966c09af6a901b092023c8e23032a2"
      },
      "downloads": [
        "https://cdn.modrinth.com/data/mOgUt4GM/versions/xhN1IvHi/modmenu-11.0.1.jar"
      ],
      "fileSize": 975390
    },
    {
      "path": "mods/[纸娃娃] paperdoll-fabric-1.2.3-mc1.21.jar",
      "hashes": {
        "sha1": "d768c5260f698098160430c1907c1a5a614dba32",
        "sha512": "2bcd7ad672d7fe2df182b33f9634271f16bb0ad254dc8d68696785c4f7505bda3bc970cc87e02ca8b6b5aec8c2f4714f1d89897a4cb9a651a2e3afa75dcff005"
      },
      "downloads": [
        "https://cdn.modrinth.com/data/edwFXb9k/versions/yboML9Ye/paperdoll-fabric-1.2.3-mc1.21.jar"
      ],
      "fileSize": 186211
    },
    {
      "path": "mods/[越肩视角重制] ShoulderSurfing-Fabric-1.21.1-4.4.1.jar",
      "hashes": {
        "sha1": "718e37bb2360a3f68ea744f7d3fb336428dead30",
        "sha512": "f618934dc83af12b0ce81de9155d360fbe006d75eeafc9169f6cdb88d7cb009939541086b2fed60cd345dd27156055b035da2c8a39cc08be85dd31c3086bbdcf"
      },
      "downloads": [
        "https://cdn.modrinth.com/data/kepjj2sy/versions/XDRdKlvq/ShoulderSurfing-Fabric-1.21.1-4.4.1.jar",
        "https://mediafilez.forgecdn.net/files/5722/36/ShoulderSurfing-Fabric-1.21.1-4.4.1.jar",
        "https://media.forgecdn.net/files/5722/36/ShoulderSurfing-Fabric-1.21.1-4.4.1.jar",
        "https://edge.forgecdn.net/files/5722/36/ShoulderSurfing-Fabric-1.21.1-4.4.1.jar"
      ],
      "fileSize": 181496
    },
    {
      "path": "mods/[钠 · 扩展] sodium-extra-0.5.7+mc1.21.jar",
      "hashes": {
        "sha1": "13a65186e5ba363e0ed3216303bc67a173c050fe",
        "sha512": "75a2e73a3cc2fc9556fbd62c9618f1d7455fb1966d993af69133aac5e9dea29dc31b80b61d963857ea4c556a9328634575d81251d782e4eb49ce64e6c60af75c"
      },
      "downloads": [
        "https://cdn.modrinth.com/data/PtjYWJkn/versions/uuhVlRGv/sodium-extra-0.5.7%2Bmc1.21.jar"
      ],
      "fileSize": 375625
    },
    {
      "path": "mods/[钠] sodium-fabric-0.5.11+mc1.21.jar",
      "hashes": {
        "sha1": "d67e66ea4bb2409997b636dae4203d33764cdcc8",
        "sha512": "a8a4520c2891e6a3c891b0b5c1106c29851a97c8e5a0131fe94cdcdfd755b679ce55dbaeafd14638ef7987b8efcd32619209aba4460762027f1a2ebe121a4046"
      },
      "downloads": [
        "https://cdn.modrinth.com/data/AANobbMI/versions/RncWhTxD/sodium-fabric-0.5.11%2Bmc1.21.jar"
      ],
      "fileSize": 982671
    },
    {
      "path": "mods/[铟] indium-1.0.35+mc1.21.jar",
      "hashes": {
        "sha1": "1bf4b5db91f4e6d7a4f94fe2e96525d22df1cacb",
        "sha512": "5f5e8a6ce29e6faecf442fe1fad76a3dd3631d83daa30423ba5cdb2cacf7efd92c16f05b65c3270faa23e4a803f392db9af40a030b81ea898550eded74ea8706"
      },
      "downloads": [
        "https://cdn.modrinth.com/data/Orvt0mRa/versions/Z8VpxxGh/indium-1.0.35%2Bmc1.21.jar",
        "https://mediafilez.forgecdn.net/files/5632/454/indium-1.0.35%2bmc1.21.jar",
        "https://media.forgecdn.net/files/5632/454/indium-1.0.35%2bmc1.21.jar",
        "https://edge.forgecdn.net/files/5632/454/indium-1.0.35%2bmc1.21.jar"
      ],
      "fileSize": 105000
    },
    {
      "path": "mods/[锂] lithium-fabric-mc1.21-0.12.7.jar",
      "hashes": {
        "sha1": "028d8dde791e2283aa0d67decc8cbcd66400a38e",
        "sha512": "91d78cf26f61876b1f5110e8aabb0189fe20fb669c2f2dd608416bce31c5c02eec9284ea418c405ab118562b5b8202c83154784bedf136f95727a86096e43430"
      },
      "downloads": [
        "https://cdn.modrinth.com/data/gvQqBUqZ/versions/my7uONjU/lithium-fabric-mc1.21-0.12.7.jar"
      ],
      "fileSize": 739832
    },
    {
      "path": "resourcepacks/XKRD红显3.1for1.20.2.zip",
      "hashes": {
        "sha1": "3c8255023b5fdf3641901e2c10e8d4a445b8ea1e",
        "sha512": "58954d04470462b903a5fdf55db9c542c1b4bb3aa0b9ccf6d55c8a3f9201b0bd3d20703467cc3d67a0a14f2dd3ab63a1a5c1117e5bc58192a4e487d7eb2cbda2"
      },
      "downloads": [
        "https://cdn.modrinth.com/data/4ueVo9s5/versions/kxThqx5g/XKRD3.1for1.20.2.zip",
        "https://mediafilez.forgecdn.net/files/4754/198/XKRD%e7%ba%a2%e6%98%be3.1for1.20.2.zip",
        "https://media.forgecdn.net/files/4754/198/XKRD%e7%ba%a2%e6%98%be3.1for1.20.2.zip",
        "https://edge.forgecdn.net/files/4754/198/XKRD%e7%ba%a2%e6%98%be3.1for1.20.2.zip"
      ],
      "fileSize": 1115750
    },
    {
      "path": "resourcepacks/XKSPv3.14forMC1.20.2.zip",
      "hashes": {
        "sha1": "7ee3e86c956e7114246a7864c9aae2c5069b6d49",
        "sha512": "0c86c10dda02ce7432bb605e461dbcca74ffb3b30ff911355054ad4b0e59717b52f112fe4723bd2c294904fa9972a668bcc4bd77d2caf4b9eaffc2282e375e19"
      },
      "downloads": [
        "https://cdn.modrinth.com/data/rq4lDGdf/versions/FGl5MHcQ/XKSPv3.14forMC1.20.2.zip",
        "https://mediafilez.forgecdn.net/files/4766/377/XKSPv3.14forMC1.20.2.zip",
        "https://media.forgecdn.net/files/4766/377/XKSPv3.14forMC1.20.2.zip",
        "https://edge.forgecdn.net/files/4766/377/XKSPv3.14forMC1.20.2.zip"
      ],
      "fileSize": 4692327
    },
    {
      "path": "mods/[不昂贵] NE-1.21-1.9.2.jar",
      "hashes": {
        "sha1": "1a0b3d032af337a64ea4a594f82dc086e4f3fb73",
        "sha512": "600c25c969c8ceb6af767fa1d603dbcab1af8e21190d78184cc7661eb725842f003d297d6eafa56dc6d297ded732d66c21d91096b668cf3d65ec70199f8a3706"
      },
      "downloads": [
        "https://mediafilez.forgecdn.net/files/5557/507/NE-1.21-1.9.2.jar",
        "https://media.forgecdn.net/files/5557/507/NE-1.21-1.9.2.jar",
        "https://edge.forgecdn.net/files/5557/507/NE-1.21-1.9.2.jar"
      ],
      "fileSize": 62530
    }
  ],
  "dependencies": {
    "minecraft": "1.21",
    "fabric-loader": "0.16.0"
  }
}